,Name,0.5,1.5
0,Gyeongbokgung Palace,"[(0, 78), (0, 96), (0, 119), (0, 143), (0, 150), (0, 157)]","[(0, 6), (0, 9), (0, 10), (0, 11), (0, 15), (0, 16), (0, 19), (0, 33), (0, 37), (0, 47), (0, 49), (0, 51), (0, 52), (0, 54), (0, 57), (0, 62), (0, 70), (0, 78), (0, 83), (0, 86), (0, 89), (0, 96), (0, 101), (0, 108), (0, 113), (0, 115), (0, 117), (0, 119), (0, 123), (0, 127), (0, 129), (0, 131), (0, 135), (0, 138), (0, 141), (0, 143), (0, 144), (0, 150), (0, 156), (0, 157), (0, 163), (0, 167), (0, 170), (0, 171)]"
1,Bukhansan National Park,[],[]
2,Myeongdong Shopping Street,"[(2, 124)]","[(2, 6), (2, 14), (2, 22), (2, 24), (2, 30), (2, 31), (2, 36), (2, 43), (2, 46), (2, 60), (2, 61), (2, 73), (2, 74), (2, 83), (2, 84), (2, 92), (2, 104), (2, 106), (2, 117), (2, 124), (2, 136), (2, 138), (2, 140), (2, 142)]"
3,Changdeokgung Palace,"[(3, 97), (3, 144)]","[(3, 6), (3, 16), (3, 19), (3, 24), (3, 33), (3, 57), (3, 62), (3, 70), (3, 83), (3, 96), (3, 97), (3, 108), (3, 110), (3, 113), (3, 117), (3, 119), (3, 123), (3, 138), (3, 140), (3, 144), (3, 162), (3, 163), (3, 167)]"
4,The War Memorial of Korea,[],"[(4, 5), (4, 45), (4, 69), (4, 88), (4, 107)]"
5,National Museum of Korea,"[(5, 45)]","[(5, 4), (5, 39), (5, 44), (5, 45)]"
6,Insadong,"[(6, 16), (6, 57), (6, 83), (6, 117), (6, 123), (6, 138)]","[(6, 0), (6, 2), (6, 3), (6, 9), (6, 10), (6, 11), (6, 14), (6, 15), (6, 16), (6, 19), (6, 24), (6, 33), (6, 34), (6, 37), (6, 47), (6, 49), (6, 51), (6, 52), (6, 54), (6, 57), (6, 61), (6, 62), (6, 70), (6, 78), (6, 83), (6, 89), (6, 92), (6, 95), (6, 96), (6, 97), (6, 101), (6, 106), (6, 108), (6, 111), (6, 113), (6, 117), (6, 119), (6, 121), (6, 123), (6, 127), (6, 129), (6, 131), (6, 135), (6, 136), (6, 138), (6, 141), (6, 143), (6, 144), (6, 150), (6, 156), (6, 157), (6, 163), (6, 164), (6, 167), (6, 171)]"
7,Trickeye Museum Seoul,"[(7, 20), (7, 25), (7, 48), (7, 122), (7, 166)]","[(7, 20), (7, 25), (7, 48), (7, 68), (7, 71), (7, 122), (7, 165), (7, 166)]"
8,Lotte World Tower & Mall,[],"[(8, 35), (8, 112), (8, 120), (8, 159)]"
9,KTX (Korea Train Express),"[(9, 37), (9, 47), (9, 49), (9, 51), (9, 54), (9, 89), (9, 101), (9, 127), (9, 131), (9, 135)]","[(9, 0), (9, 6), (9, 14), (9, 16), (9, 33), (9, 34), (9, 37), (9, 47), (9, 49), (9, 51), (9, 52), (9, 54), (9, 56), (9, 57), (9, 61), (9, 62), (9, 64), (9, 66), (9, 78), (9, 83), (9, 86), (9, 89), (9, 92), (9, 95), (9, 96), (9, 101), (9, 105), (9, 111), (9, 113), (9, 115), (9, 117), (9, 119), (9, 121), (9, 123), (9, 125), (9, 127), (9, 129), (9, 131), (9, 135), (9, 136), (9, 138), (9, 143), (9, 150), (9, 157), (9, 160), (9, 163), (9, 164), (9, 167), (9, 171), (9, 173)]"
10,Seoul Metro,"[(10, 37), (10, 47), (10, 49), (10, 51), (10, 54), (10, 89), (10, 101), (10, 127), (10, 131), (10, 135)]","[(10, 0), (10, 6), (10, 14), (10, 16), (10, 33), (10, 34), (10, 37), (10, 47), (10, 49), (10, 51), (10, 52), (10, 54), (10, 56), (10, 57), (10, 61), (10, 62), (10, 64), (10, 66), (10, 78), (10, 83), (10, 86), (10, 89), (10, 92), (10, 95), (10, 96), (10, 101), (10, 105), (10, 111), (10, 113), (10, 115), (10, 117), (10, 119), (10, 121), (10, 123), (10, 125), (10, 127), (10, 129), (10, 131), (10, 135), (10, 136), (10, 138), (10, 143), (10, 150), (10, 157), (10, 160), (10, 163), (10, 164), (10, 167), (10, 171), (10, 173)]"
11,Hangang Park,"[(11, 37), (11, 47), (11, 49), (11, 51), (11, 54), (11, 89), (11, 101), (11, 127), (11, 131), (11, 135)]","[(11, 0), (11, 6), (11, 14), (11, 16), (11, 33), (11, 34), (11, 37), (11, 47), (11, 49), (11, 51), (11, 52), (11, 54), (11, 56), (11, 57), (11, 61), (11, 62), (11, 64), (11, 66), (11, 78), (11, 83), (11, 86), (11, 89), (11, 92), (11, 95), (11, 96), (11, 101), (11, 105), (11, 111), (11, 113), (11, 115), (11, 117), (11, 119), (11, 121), (11, 123), (11, 125), (11, 127), (11, 129), (11, 131), (11, 135), (11, 136), (11, 138), (11, 143), (11, 150), (11, 157), (11, 160), (11, 163), (11, 164), (11, 167), (11, 171), (11, 173)]"
12,N Seoul Tower,"[(12, 13)]","[(12, 13), (12, 14), (12, 34), (12, 37), (12, 56), (12, 61), (12, 66), (12, 92), (12, 104), (12, 105), (12, 106), (12, 107), (12, 111), (12, 125), (12, 136), (12, 164)]"
13,Namsan Park,"[(13, 12)]","[(13, 12), (13, 14), (13, 34), (13, 37), (13, 56), (13, 61), (13, 66), (13, 92), (13, 104), (13, 105), (13, 106), (13, 107), (13, 111), (13, 125), (13, 136), (13, 164)]"
14,Myeongdong NANTA Theater,"[(14, 34), (14, 37), (14, 61), (14, 92), (14, 101), (14, 111), (14, 131), (14, 136)]","[(14, 2), (14, 6), (14, 9), (14, 10), (14, 11), (14, 12), (14, 13), (14, 15), (14, 16), (14, 33), (14, 34), (14, 37), (14, 47), (14, 49), (14, 51), (14, 52), (14, 54), (14, 56), (14, 57), (14, 61), (14, 64), (14, 66), (14, 83), (14, 89), (14, 92), (14, 101), (14, 104), (14, 105), (14, 106), (14, 111), (14, 113), (14, 115), (14, 117), (14, 123), (14, 125), (14, 127), (14, 129), (14, 131), (14, 135), (14, 136), (14, 138), (14, 141), (14, 143), (14, 144), (14, 150), (14, 156), (14, 157), (14, 163), (14, 164), (14, 167), (14, 171), (14, 173)]"
15,Cheonggyecheon Stream,"[(15, 37), (15, 47), (15, 49), (15, 51), (15, 54), (15, 89), (15, 101), (15, 127), (15, 131), (15, 135)]","[(15, 0), (15, 6), (15, 14), (15, 16), (15, 33), (15, 34), (15, 37), (15, 47), (15, 49), (15, 51), (15, 52), (15, 54), (15, 56), (15, 57), (15, 61), (15, 62), (15, 64), (15, 66), (15, 78), (15, 83), (15, 86), (15, 89), (15, 92), (15, 95), (15, 96), (15, 101), (15, 105), (15, 111), (15, 113), (15, 115), (15, 117), (15, 119), (15, 121), (15, 123), (15, 125), (15, 127), (15, 129), (15, 131), (15, 135), (15, 136), (15, 138), (15, 143), (15, 150), (15, 157), (15, 160), (15, 163), (15, 164), (15, 167), (15, 171), (15, 173)]"
16,Jogyesa Temple,"[(16, 6), (16, 33), (16, 57), (16, 62), (16, 113), (16, 123), (16, 150), (16, 163), (16, 167)]","[(16, 0), (16, 3), (16, 6), (16, 9), (16, 10), (16, 11), (16, 14), (16, 15), (16, 19), (16, 33), (16, 34), (16, 37), (16, 47), (16, 49), (16, 51), (16, 52), (16, 54), (16, 57), (16, 61), (16, 62), (16, 70), (16, 78), (16, 83), (16, 86), (16, 89), (16, 92), (16, 95), (16, 96), (16, 97), (16, 101), (16, 108), (16, 111), (16, 113), (16, 115), (16, 117), (16, 119), (16, 121), (16, 123), (16, 127), (16, 129), (16, 131), (16, 135), (16, 136), (16, 138), (16, 141), (16, 143), (16, 144), (16, 150), (16, 156), (16, 157), (16, 163), (16, 167), (16, 170), (16, 171)]"
17,Bongeunsa Temple,[],"[(17, 23), (17, 41), (17, 85), (17, 98), (17, 100), (17, 128), (17, 137), (17, 176)]"
18,Haneul Park,[],[]
19,Bukchon Hanok Village,"[(19, 62), (19, 70), (19, 108), (19, 119)]","[(19, 0), (19, 3), (19, 6), (19, 16), (19, 33), (19, 47), (19, 52), (19, 57), (19, 62), (19, 70), (19, 78), (19, 83), (19, 95), (19, 96), (19, 97), (19, 108), (19, 113), (19, 117), (19, 119), (19, 121), (19, 123), (19, 129), (19, 133), (19, 138), (19, 143), (19, 144), (19, 150), (19, 157), (19, 163), (19, 167), (19, 170)]"
20,Hongik University Street,"[(20, 7), (20, 25), (20, 166)]","[(20, 7), (20, 25), (20, 48), (20, 68), (20, 71), (20, 122), (20, 149), (20, 165), (20, 166)]"
21,Ewha Womans University,[],"[(21, 59), (21, 172)]"
22,Dongdaemun Design Plaza (DDP),"[(22, 30), (22, 31), (22, 36), (22, 43), (22, 46), (22, 73), (22, 84), (22, 142)]","[(22, 2), (22, 24), (22, 30), (22, 31), (22, 36), (22, 43), (22, 46), (22, 60), (22, 73), (22, 74), (22, 79), (22, 84), (22, 110), (22, 116), (22, 124), (22, 140), (22, 142)]"
23,Starfield Library,"[(23, 85), (23, 98), (23, 137)]","[(23, 17), (23, 85), (23, 98), (23, 128), (23, 137)]"
24,Kwangjang Market,[],"[(24, 2), (24, 3), (24, 6), (24, 22), (24, 30), (24, 31), (24, 36), (24, 43), (24, 46), (24, 57), (24, 60), (24, 73), (24, 74), (24, 79), (24, 83), (24, 84), (24, 92), (24, 97), (24, 104), (24, 106), (24, 110), (24, 116), (24, 117), (24, 124), (24, 138), (24, 140), (24, 142), (24, 144)]"
25,Love Museum,"[(25, 7), (25, 20), (25, 48), (25, 122), (25, 166)]","[(25, 7), (25, 20), (25, 48), (25, 68), (25, 71), (25, 122), (25, 165), (25, 166)]"
26,Seoul Forest,[],[]
27,Yeouido Hangang Park,"[(27, 139)]","[(27, 90), (27, 134), (27, 139), (27, 146), (27, 155)]"
28,Leeum Samsung Museum of Art,[],"[(28, 38), (28, 107), (28, 132)]"
29,Seoul Sky,[],"[(29, 35), (29, 112), (29, 120), (29, 159)]"
30,Doota,"[(30, 22), (30, 31), (30, 36), (30, 43), (30, 46), (30, 60), (30, 73), (30, 74), (30, 84), (30, 142)]","[(30, 2), (30, 22), (30, 24), (30, 31), (30, 36), (30, 43), (30, 46), (30, 60), (30, 73), (30, 74), (30, 79), (30, 84), (30, 110), (30, 116), (30, 124), (30, 140), (30, 142)]"
31,apm Place,"[(31, 22), (31, 30), (31, 36), (31, 46), (31, 73), (31, 84)]","[(31, 2), (31, 22), (31, 24), (31, 30), (31, 36), (31, 43), (31, 46), (31, 60), (31, 73), (31, 74), (31, 84), (31, 106), (31, 116), (31, 124), (31, 140), (31, 142)]"
32,Korea University,[],[]
33,Bugaksan Seoul Fortress,"[(33, 16), (33, 52), (33, 123), (33, 129), (33, 143), (33, 150), (33, 157)]","[(33, 0), (33, 3), (33, 6), (33, 9), (33, 10), (33, 11), (33, 14), (33, 15), (33, 16), (33, 19), (33, 34), (33, 37), (33, 47), (33, 49), (33, 51), (33, 52), (33, 54), (33, 57), (33, 61), (33, 62), (33, 70), (33, 78), (33, 83), (33, 86), (33, 89), (33, 92), (33, 95), (33, 96), (33, 101), (33, 105), (33, 108), (33, 111), (33, 115), (33, 117), (33, 119), (33, 121), (33, 123), (33, 125), (33, 127), (33, 129), (33, 131), (33, 135), (33, 136), (33, 138), (33, 141), (33, 143), (33, 144), (33, 150), (33, 156), (33, 157), (33, 164), (33, 170), (33, 171), (33, 173)]"
34,Korean Postage Stamp Museum,"[(34, 14), (34, 37), (34, 61), (34, 92), (34, 111), (34, 131), (34, 136), (34, 164)]","[(34, 6), (34, 9), (34, 10), (34, 11), (34, 12), (34, 13), (34, 14), (34, 15), (34, 16), (34, 33), (34, 37), (34, 47), (34, 49), (34, 51), (34, 52), (34, 54), (34, 56), (34, 61), (34, 64), (34, 66), (34, 83), (34, 89), (34, 92), (34, 101), (34, 104), (34, 105), (34, 106), (34, 111), (34, 113), (34, 115), (34, 117), (34, 123), (34, 125), (34, 127), (34, 129), (34, 131), (34, 135), (34, 136), (34, 138), (34, 141), (34, 143), (34, 150), (34, 156), (34, 157), (34, 160), (34, 163), (34, 164), (34, 167), (34, 171), (34, 173)]"
35,Star Avenue at Lotte World,"[(35, 120)]","[(35, 8), (35, 29), (35, 94), (35, 120)]"
36,Migliore Dongdaemun Shop,"[(36, 22), (36, 30), (36, 31), (36, 43), (36, 46), (36, 60), (36, 73), (36, 74), (36, 84), (36, 142)]","[(36, 2), (36, 22), (36, 24), (36, 30), (36, 31), (36, 43), (36, 46), (36, 60), (36, 73), (36, 74), (36, 79), (36, 84), (36, 110), (36, 116), (36, 124), (36, 140), (36, 142)]"
37,Lotte Young Plaza Myeongdong,"[(37, 9), (37, 10), (37, 11), (37, 14), (37, 15), (37, 34), (37, 61), (37, 101), (37, 111), (37, 127), (37, 131), (37, 136), (37, 141), (37, 156)]","[(37, 0), (37, 6), (37, 9), (37, 10), (37, 11), (37, 12), (37, 13), (37, 14), (37, 15), (37, 16), (37, 33), (37, 34), (37, 47), (37, 49), (37, 51), (37, 52), (37, 54), (37, 56), (37, 57), (37, 61), (37, 64), (37, 66), (37, 83), (37, 89), (37, 92), (37, 95), (37, 101), (37, 104), (37, 105), (37, 106), (37, 111), (37, 113), (37, 115), (37, 117), (37, 121), (37, 123), (37, 125), (37, 127), (37, 129), (37, 131), (37, 135), (37, 136), (37, 138), (37, 141), (37, 143), (37, 150), (37, 156), (37, 157), (37, 160), (37, 163), (37, 164), (37, 167), (37, 171), (37, 173)]"
38,D Museum,[],"[(38, 28)]"
39,Yongsan Family Park,"[(39, 45)]","[(39, 5), (39, 45), (39, 88)]"
40,Gilsangsa Shrine,"[(40, 158)]","[(40, 133), (40, 158), (40, 162)]"
41,Statue of Gangnam Style,"[(41, 85), (41, 98), (41, 137)]","[(41, 17), (41, 85), (41, 98), (41, 128), (41, 137)]"
42,Shinsegae Gangnam,"[(42, 118), (42, 151)]","[(42, 67), (42, 118), (42, 151), (42, 175)]"
43,Dongdaemun Gate (Heunginjimun),"[(43, 22), (43, 30), (43, 36), (43, 46), (43, 60), (43, 73), (43, 74), (43, 142)]","[(43, 2), (43, 22), (43, 24), (43, 30), (43, 31), (43, 36), (43, 46), (43, 60), (43, 73), (43, 74), (43, 79), (43, 84), (43, 103), (43, 110), (43, 116), (43, 124), (43, 140), (43, 142)]"
44,I-Park Mall,[],"[(44, 5), (44, 88)]"
45,National Hangeul Museum,"[(45, 5), (45, 39), (45, 88)]","[(45, 4), (45, 5), (45, 39), (45, 88)]"
46,Kwanghee Fasion Mall,"[(46, 22), (46, 30), (46, 31), (46, 36), (46, 43), (46, 60), (46, 73), (46, 74), (46, 142)]","[(46, 2), (46, 22), (46, 24), (46, 30), (46, 31), (46, 36), (46, 43), (46, 60), (46, 73), (46, 74), (46, 79), (46, 80), (46, 84), (46, 103), (46, 110), (46, 116), (46, 124), (46, 140), (46, 142)]"
47,Tourist Information Center of Korea Tourism Organization,"[(47, 9), (47, 10), (47, 11), (47, 15), (47, 54), (47, 83), (47, 101), (47, 123), (47, 127), (47, 131), (47, 141), (47, 156)]","[(47, 0), (47, 6), (47, 9), (47, 10), (47, 11), (47, 14), (47, 15), (47, 16), (47, 19), (47, 33), (47, 34), (47, 37), (47, 49), (47, 51), (47, 52), (47, 54), (47, 56), (47, 57), (47, 61), (47, 62), (47, 66), (47, 70), (47, 78), (47, 83), (47, 86), (47, 89), (47, 92), (47, 95), (47, 96), (47, 101), (47, 105), (47, 111), (47, 113), (47, 115), (47, 117), (47, 119), (47, 121), (47, 123), (47, 125), (47, 127), (47, 129), (47, 131), (47, 135), (47, 136), (47, 138), (47, 141), (47, 143), (47, 144), (47, 150), (47, 156), (47, 157), (47, 163), (47, 164), (47, 167), (47, 171), (47, 173)]"
48,Hongik University,"[(48, 7), (48, 25), (48, 122)]","[(48, 7), (48, 20), (48, 25), (48, 68), (48, 122), (48, 165), (48, 166)]"
49,Seoul Museum of Art,"[(49, 9), (49, 10), (49, 11), (49, 15), (49, 54), (49, 89), (49, 127), (49, 141), (49, 156), (49, 171), (49, 173)]","[(49, 0), (49, 6), (49, 9), (49, 10), (49, 11), (49, 14), (49, 15), (49, 16), (49, 33), (49, 34), (49, 37), (49, 47), (49, 52), (49, 54), (49, 56), (49, 61), (49, 64), (49, 66), (49, 78), (49, 83), (49, 86), (49, 89), (49, 92), (49, 95), (49, 101), (49, 105), (49, 111), (49, 113), (49, 115), (49, 121), (49, 123), (49, 125), (49, 127), (49, 129), (49, 131), (49, 136), (49, 138), (49, 141), (49, 143), (49, 150), (49, 156), (49, 157), (49, 160), (49, 163), (49, 164), (49, 167), (49, 171), (49, 173)]"
50,Dream Forest,[],[]
51,Jeongdong Observatory,"[(51, 9), (51, 10), (51, 11), (51, 15), (51, 54), (51, 89), (51, 127), (51, 141), (51, 156), (51, 171), (51, 173)]","[(51, 0), (51, 6), (51, 9), (51, 10), (51, 11), (51, 14), (51, 15), (51, 16), (51, 33), (51, 34), (51, 37), (51, 47), (51, 52), (51, 54), (51, 56), (51, 61), (51, 64), (51, 66), (51, 78), (51, 83), (51, 86), (51, 89), (51, 92), (51, 95), (51, 101), (51, 105), (51, 111), (51, 113), (51, 115), (51, 121), (51, 123), (51, 125), (51, 127), (51, 129), (51, 131), (51, 136), (51, 138), (51, 141), (51, 143), (51, 150), (51, 156), (51, 157), (51, 160), (51, 163), (51, 164), (51, 167), (51, 171), (51, 173)]"
52,The Story of King Sejong & The Story of Admiral Yi Sunshin,"[(52, 33), (52, 54), (52, 113), (52, 129), (52, 143), (52, 150), (52, 157), (52, 163), (52, 167)]","[(52, 0), (52, 6), (52, 9), (52, 10), (52, 11), (52, 14), (52, 15), (52, 16), (52, 19), (52, 33), (52, 34), (52, 37), (52, 47), (52, 49), (52, 51), (52, 54), (52, 57), (52, 61), (52, 62), (52, 70), (52, 78), (52, 83), (52, 86), (52, 89), (52, 92), (52, 95), (52, 96), (52, 101), (52, 105), (52, 108), (52, 111), (52, 113), (52, 115), (52, 117), (52, 119), (52, 121), (52, 123), (52, 125), (52, 127), (52, 129), (52, 131), (52, 135), (52, 136), (52, 138), (52, 141), (52, 143), (52, 144), (52, 150), (52, 156), (52, 157), (52, 163), (52, 164), (52, 167), (52, 170), (52, 171), (52, 173)]"
53,Seoul National Cemetery,[],[]
54,Seoul Plaza,"[(54, 9), (54, 10), (54, 11), (54, 15), (54, 47), (54, 49), (54, 51), (54, 52), (54, 89), (54, 101), (54, 127), (54, 129), (54, 135), (54, 141), (54, 143), (54, 156), (54, 157), (54, 171)]","[(54, 0), (54, 6), (54, 9), (54, 10), (54, 11), (54, 14), (54, 15), (54, 16), (54, 33), (54, 34), (54, 37), (54, 47), (54, 49), (54, 51), (54, 52), (54, 56), (54, 57), (54, 61), (54, 62), (54, 64), (54, 66), (54, 70), (54, 78), (54, 83), (54, 86), (54, 89), (54, 92), (54, 95), (54, 96), (54, 101), (54, 105), (54, 111), (54, 113), (54, 115), (54, 117), (54, 119), (54, 121), (54, 123), (54, 125), (54, 127), (54, 129), (54, 131), (54, 135), (54, 136), (54, 138), (54, 141), (54, 143), (54, 144), (54, 150), (54, 156), (54, 157), (54, 163), (54, 164), (54, 167), (54, 171), (54, 173)]"
55,Ttukseom Hangang Park,[],"[(55, 153)]"
56,Seven Luck Casino Gangbuk Hilton,"[(56, 64), (56, 105), (56, 125), (56, 173)]","[(56, 9), (56, 10), (56, 11), (56, 12), (56, 13), (56, 14), (56, 15), (56, 34), (56, 37), (56, 47), (56, 49), (56, 51), (56, 54), (56, 61), (56, 64), (56, 66), (56, 69), (56, 89), (56, 92), (56, 101), (56, 105), (56, 111), (56, 125), (56, 127), (56, 131), (56, 135), (56, 136), (56, 141), (56, 156), (56, 160), (56, 164), (56, 171), (56, 173)]"
57,Unhyeongung,"[(57, 6), (57, 16), (57, 117), (57, 138), (57, 144)]","[(57, 0), (57, 3), (57, 6), (57, 9), (57, 10), (57, 11), (57, 14), (57, 15), (57, 16), (57, 19), (57, 24), (57, 33), (57, 37), (57, 47), (57, 52), (57, 54), (57, 62), (57, 70), (57, 78), (57, 83), (57, 92), (57, 95), (57, 96), (57, 97), (57, 101), (57, 108), (57, 113), (57, 117), (57, 119), (57, 121), (57, 123), (57, 127), (57, 129), (57, 131), (57, 136), (57, 138), (57, 141), (57, 143), (57, 144), (57, 150), (57, 156), (57, 157), (57, 163), (57, 167), (57, 170)]"
58,Eungbongsan Mountain,[],"[(58, 103), (58, 114)]"
59,Ansan Jarak-gil,[],"[(59, 21), (59, 81), (59, 172)]"
60,Seoul City Wall Museum,"[(60, 30), (60, 36), (60, 43), (60, 46), (60, 73), (60, 142)]","[(60, 2), (60, 22), (60, 24), (60, 30), (60, 31), (60, 36), (60, 43), (60, 46), (60, 73), (60, 79), (60, 84), (60, 110), (60, 116), (60, 124), (60, 140), (60, 142)]"
61,Myeongdong Underground Shopping Center,"[(61, 14), (61, 34), (61, 37), (61, 92), (61, 111), (61, 136)]","[(61, 2), (61, 6), (61, 9), (61, 10), (61, 11), (61, 12), (61, 13), (61, 14), (61, 15), (61, 16), (61, 33), (61, 34), (61, 37), (61, 47), (61, 49), (61, 51), (61, 52), (61, 54), (61, 56), (61, 64), (61, 66), (61, 83), (61, 89), (61, 92), (61, 101), (61, 104), (61, 105), (61, 106), (61, 111), (61, 113), (61, 117), (61, 123), (61, 125), (61, 127), (61, 129), (61, 131), (61, 135), (61, 136), (61, 138), (61, 141), (61, 150), (61, 156), (61, 163), (61, 164), (61, 167), (61, 171), (61, 173)]"
62,Ice Gallery,"[(62, 16), (62, 19), (62, 70), (62, 96), (62, 119)]","[(62, 0), (62, 3), (62, 6), (62, 9), (62, 10), (62, 11), (62, 15), (62, 16), (62, 19), (62, 33), (62, 47), (62, 52), (62, 54), (62, 57), (62, 70), (62, 78), (62, 83), (62, 95), (62, 96), (62, 97), (62, 101), (62, 108), (62, 113), (62, 117), (62, 119), (62, 121), (62, 123), (62, 127), (62, 129), (62, 131), (62, 138), (62, 141), (62, 143), (62, 144), (62, 150), (62, 156), (62, 157), (62, 163), (62, 167), (62, 170)]"
63,Kukkiwon World Taekwondo Headquarters,[],"[(63, 75)]"
64,Culture Station Seoul 284,"[(64, 56), (64, 160)]","[(64, 9), (64, 10), (64, 11), (64, 14), (64, 15), (64, 34), (64, 37), (64, 49), (64, 51), (64, 54), (64, 56), (64, 61), (64, 66), (64, 69), (64, 89), (64, 101), (64, 105), (64, 111), (64, 115), (64, 125), (64, 127), (64, 131), (64, 135), (64, 136), (64, 141), (64, 156), (64, 160), (64, 164), (64, 171), (64, 173)]"
65,KBS On,[],"[(65, 90), (65, 155)]"
66,An Jung-geun Memorial Hall,"[(66, 164)]","[(66, 9), (66, 10), (66, 11), (66, 12), (66, 13), (66, 14), (66, 15), (66, 34), (66, 37), (66, 47), (66, 49), (66, 51), (66, 54), (66, 56), (66, 61), (66, 64), (66, 69), (66, 89), (66, 92), (66, 101), (66, 104), (66, 105), (66, 111), (66, 125), (66, 127), (66, 131), (66, 135), (66, 136), (66, 141), (66, 156), (66, 160), (66, 164), (66, 171), (66, 173)]"
67,Sebitseom,[],"[(67, 42)]"
68,Gyeongui line forest,[],"[(68, 7), (68, 20), (68, 25), (68, 48), (68, 122), (68, 165), (68, 166)]"
69,Amore Pacific Museum of Art,[],"[(69, 4), (69, 56), (69, 64), (69, 66), (69, 105), (69, 111), (69, 125), (69, 160), (69, 164), (69, 173)]"
70,Baek In-je's House,"[(70, 19), (70, 62), (70, 108), (70, 119)]","[(70, 0), (70, 3), (70, 6), (70, 16), (70, 19), (70, 33), (70, 47), (70, 52), (70, 54), (70, 57), (70, 62), (70, 78), (70, 83), (70, 95), (70, 96), (70, 97), (70, 101), (70, 108), (70, 113), (70, 117), (70, 119), (70, 121), (70, 123), (70, 129), (70, 138), (70, 143), (70, 144), (70, 150), (70, 157), (70, 163), (70, 167), (70, 170)]"
71,Jeoldusan Martyrs' Shrine,[],"[(71, 7), (71, 20), (71, 25), (71, 122), (71, 149), (71, 166), (71, 169)]"
72,Yangjae Citizens' Park,[],[]
73,Lâ€™atelier,"[(73, 22), (73, 30), (73, 31), (73, 36), (73, 43), (73, 46), (73, 60), (73, 74), (73, 84), (73, 142)]","[(73, 2), (73, 22), (73, 24), (73, 30), (73, 31), (73, 36), (73, 43), (73, 46), (73, 60), (73, 74), (73, 79), (73, 84), (73, 110), (73, 116), (73, 124), (73, 140), (73, 142)]"
74,Dongdaemun Seonggwak Park,"[(74, 30), (74, 36), (74, 43), (74, 46), (74, 73), (74, 142)]","[(74, 2), (74, 22), (74, 24), (74, 30), (74, 31), (74, 36), (74, 43), (74, 46), (74, 73), (74, 79), (74, 84), (74, 110), (74, 116), (74, 124), (74, 140), (74, 142)]"
75,Seocho Tourist Information Center,[],"[(75, 63)]"
76,Paradise Casino Walkerhill,[],[]
77,Mario outlet,[],[]
78,Daelim Museum,"[(78, 0), (78, 95), (78, 121)]","[(78, 0), (78, 6), (78, 9), (78, 10), (78, 11), (78, 15), (78, 16), (78, 19), (78, 33), (78, 47), (78, 49), (78, 51), (78, 52), (78, 54), (78, 57), (78, 62), (78, 70), (78, 83), (78, 86), (78, 89), (78, 95), (78, 96), (78, 101), (78, 108), (78, 113), (78, 115), (78, 119), (78, 121), (78, 123), (78, 127), (78, 129), (78, 131), (78, 135), (78, 138), (78, 141), (78, 143), (78, 150), (78, 156), (78, 157), (78, 163), (78, 167), (78, 170), (78, 171)]"
79,Naksan Public Art,"[(79, 110), (79, 116), (79, 140)]","[(79, 22), (79, 24), (79, 30), (79, 36), (79, 43), (79, 46), (79, 60), (79, 73), (79, 74), (79, 84), (79, 97), (79, 110), (79, 116), (79, 140), (79, 142), (79, 162)]"
80,Seoul Folk Flea Market,"[(80, 103)]","[(80, 46), (80, 103), (80, 114)]"
81,Seodaemun Museum of Natural History,[],"[(81, 59)]"
82,Dosan Neighborhood Park,[],"[(82, 87), (82, 109), (82, 174)]"
83,Tapgol Park,"[(83, 6), (83, 47), (83, 123), (83, 138)]","[(83, 0), (83, 2), (83, 3), (83, 6), (83, 9), (83, 10), (83, 11), (83, 14), (83, 15), (83, 16), (83, 19), (83, 24), (83, 33), (83, 34), (83, 37), (83, 47), (83, 49), (83, 51), (83, 52), (83, 54), (83, 57), (83, 61), (83, 62), (83, 70), (83, 78), (83, 89), (83, 92), (83, 95), (83, 96), (83, 97), (83, 101), (83, 104), (83, 105), (83, 106), (83, 111), (83, 113), (83, 117), (83, 119), (83, 121), (83, 123), (83, 125), (83, 127), (83, 129), (83, 131), (83, 135), (83, 136), (83, 138), (83, 141), (83, 143), (83, 144), (83, 150), (83, 156), (83, 157), (83, 163), (83, 164), (83, 167), (83, 171), (83, 173)]"
84,Lotte FitIn,"[(84, 22), (84, 30), (84, 31), (84, 36), (84, 73)]","[(84, 2), (84, 22), (84, 24), (84, 30), (84, 31), (84, 36), (84, 43), (84, 46), (84, 60), (84, 73), (84, 74), (84, 79), (84, 104), (84, 106), (84, 116), (84, 124), (84, 140), (84, 142)]"
85,Seven Luck Casino Gangnam Coex,"[(85, 23), (85, 41), (85, 100), (85, 176)]","[(85, 17), (85, 23), (85, 41), (85, 100), (85, 128), (85, 176)]"
86,Gyeonghuigung Palace,"[(86, 115)]","[(86, 0), (86, 9), (86, 10), (86, 11), (86, 15), (86, 16), (86, 33), (86, 47), (86, 49), (86, 51), (86, 52), (86, 54), (86, 78), (86, 89), (86, 95), (86, 96), (86, 101), (86, 113), (86, 115), (86, 119), (86, 121), (86, 127), (86, 129), (86, 131), (86, 135), (86, 141), (86, 143), (86, 150), (86, 156), (86, 157), (86, 163), (86, 167), (86, 171), (86, 173)]"
87,Figure Museum,[],"[(87, 82), (87, 174)]"
88,Children's Museum of National Museum of Korea,"[(88, 45)]","[(88, 4), (88, 39), (88, 44), (88, 45)]"
89,Deoksugung,"[(89, 9), (89, 10), (89, 11), (89, 15), (89, 49), (89, 51), (89, 54), (89, 127), (89, 135), (89, 141), (89, 156), (89, 171)]","[(89, 0), (89, 6), (89, 9), (89, 10), (89, 11), (89, 14), (89, 15), (89, 16), (89, 33), (89, 34), (89, 37), (89, 47), (89, 49), (89, 51), (89, 52), (89, 54), (89, 56), (89, 61), (89, 64), (89, 66), (89, 78), (89, 83), (89, 86), (89, 92), (89, 95), (89, 96), (89, 101), (89, 105), (89, 111), (89, 113), (89, 115), (89, 119), (89, 121), (89, 123), (89, 125), (89, 127), (89, 129), (89, 131), (89, 135), (89, 136), (89, 138), (89, 141), (89, 143), (89, 150), (89, 156), (89, 157), (89, 160), (89, 163), (89, 164), (89, 167), (89, 171), (89, 173)]"
90,Yeouido Park,"[(90, 155)]","[(90, 27), (90, 65), (90, 139), (90, 155)]"
91,Olympic Park,[],[]
92,Myeong-dong Cathedral,"[(92, 14), (92, 34), (92, 61), (92, 136)]","[(92, 2), (92, 6), (92, 9), (92, 10), (92, 11), (92, 12), (92, 13), (92, 14), (92, 15), (92, 16), (92, 24), (92, 33), (92, 34), (92, 37), (92, 47), (92, 49), (92, 51), (92, 52), (92, 54), (92, 56), (92, 57), (92, 61), (92, 66), (92, 83), (92, 89), (92, 101), (92, 104), (92, 105), (92, 106), (92, 111), (92, 113), (92, 117), (92, 123), (92, 124), (92, 125), (92, 127), (92, 129), (92, 131), (92, 135), (92, 136), (92, 138), (92, 141), (92, 143), (92, 144), (92, 150), (92, 156), (92, 157), (92, 163), (92, 164), (92, 167), (92, 171), (92, 173)]"
93,Seoul Children's Grand Park,[],[]
94,Lotte World Aquarium,[],"[(94, 35), (94, 112), (94, 120), (94, 159)]"
95,Gwanghwamun Gate,"[(95, 78), (95, 96), (95, 119), (95, 143), (95, 150), (95, 157)]","[(95, 6), (95, 9), (95, 10), (95, 11), (95, 15), (95, 16), (95, 19), (95, 33), (95, 37), (95, 47), (95, 49), (95, 51), (95, 52), (95, 54), (95, 57), (95, 62), (95, 70), (95, 78), (95, 83), (95, 86), (95, 89), (95, 96), (95, 101), (95, 108), (95, 113), (95, 115), (95, 117), (95, 119), (95, 123), (95, 127), (95, 129), (95, 131), (95, 135), (95, 138), (95, 141), (95, 143), (95, 144), (95, 150), (95, 156), (95, 157), (95, 163), (95, 167), (95, 170), (95, 171)]"
96,National Folk Museum of Korea,"[(96, 0), (96, 62), (96, 95), (96, 119), (96, 121)]","[(96, 0), (96, 3), (96, 6), (96, 9), (96, 10), (96, 11), (96, 15), (96, 16), (96, 19), (96, 33), (96, 47), (96, 52), (96, 54), (96, 57), (96, 62), (96, 70), (96, 78), (96, 83), (96, 86), (96, 89), (96, 95), (96, 101), (96, 108), (96, 113), (96, 115), (96, 117), (96, 119), (96, 121), (96, 123), (96, 127), (96, 129), (96, 131), (96, 138), (96, 141), (96, 143), (96, 144), (96, 150), (96, 156), (96, 157), (96, 163), (96, 167), (96, 170), (96, 171)]"
97,Changgyeonggung Palace,"[(97, 3)]","[(97, 3), (97, 6), (97, 16), (97, 19), (97, 24), (97, 57), (97, 62), (97, 70), (97, 79), (97, 83), (97, 108), (97, 110), (97, 116), (97, 117), (97, 119), (97, 123), (97, 138), (97, 140), (97, 144), (97, 162)]"
98,Starfield COEX Mall,"[(98, 23), (98, 41), (98, 100), (98, 176)]","[(98, 17), (98, 23), (98, 41), (98, 100), (98, 128), (98, 176)]"
99,Jamsil Baseball Stadium,[],[]
100,Coex Aquarium,"[(100, 85), (100, 98), (100, 137)]","[(100, 17), (100, 85), (100, 98), (100, 128), (100, 137)]"
101,Grevin Museum,"[(101, 9), (101, 10), (101, 11), (101, 14), (101, 15), (101, 37), (101, 47), (101, 54), (101, 127), (101, 131), (101, 141), (101, 156)]","[(101, 0), (101, 6), (101, 9), (101, 10), (101, 11), (101, 14), (101, 15), (101, 16), (101, 33), (101, 34), (101, 37), (101, 47), (101, 49), (101, 51), (101, 52), (101, 54), (101, 56), (101, 57), (101, 61), (101, 62), (101, 64), (101, 66), (101, 70), (101, 78), (101, 83), (101, 86), (101, 89), (101, 92), (101, 95), (101, 96), (101, 105), (101, 111), (101, 113), (101, 115), (101, 117), (101, 119), (101, 121), (101, 123), (101, 125), (101, 127), (101, 129), (101, 131), (101, 135), (101, 136), (101, 138), (101, 141), (101, 143), (101, 144), (101, 150), (101, 156), (101, 157), (101, 163), (101, 164), (101, 167), (101, 171), (101, 173)]"
102,Seodaemun Prison History Hall,[],[]
103,Seoul Lantern Festival,"[(103, 80)]","[(103, 43), (103, 46), (103, 58), (103, 80)]"
104,Namsangol Hanok Village,"[(104, 106)]","[(104, 2), (104, 12), (104, 13), (104, 14), (104, 24), (104, 34), (104, 37), (104, 61), (104, 66), (104, 83), (104, 84), (104, 92), (104, 106), (104, 111), (104, 124), (104, 131), (104, 136), (104, 138), (104, 164)]"
105,Namdaemun Market,"[(105, 56), (105, 111), (105, 125), (105, 164), (105, 173)]","[(105, 9), (105, 10), (105, 11), (105, 12), (105, 13), (105, 14), (105, 15), (105, 33), (105, 34), (105, 37), (105, 47), (105, 49), (105, 51), (105, 52), (105, 54), (105, 56), (105, 61), (105, 64), (105, 66), (105, 69), (105, 83), (105, 89), (105, 92), (105, 101), (105, 111), (105, 113), (105, 115), (105, 123), (105, 125), (105, 127), (105, 129), (105, 131), (105, 135), (105, 136), (105, 141), (105, 143), (105, 150), (105, 156), (105, 157), (105, 160), (105, 163), (105, 164), (105, 167), (105, 171), (105, 173)]"
106,Korea House,"[(106, 104)]","[(106, 2), (106, 6), (106, 12), (106, 13), (106, 14), (106, 24), (106, 31), (106, 34), (106, 37), (106, 61), (106, 83), (106, 84), (106, 92), (106, 104), (106, 111), (106, 117), (106, 124), (106, 131), (106, 136), (106, 138), (106, 164)]"
107,Itaewon,[],"[(107, 4), (107, 12), (107, 13), (107, 28), (107, 132)]"
108,Samcheongdong-gil Road,"[(108, 19), (108, 70)]","[(108, 0), (108, 3), (108, 6), (108, 16), (108, 19), (108, 33), (108, 52), (108, 57), (108, 62), (108, 70), (108, 78), (108, 95), (108, 96), (108, 97), (108, 113), (108, 117), (108, 119), (108, 121), (108, 123), (108, 129), (108, 133), (108, 138), (108, 143), (108, 144), (108, 150), (108, 157), (108, 163), (108, 167), (108, 170)]"
109,Garosu-gil,[],"[(109, 82), (109, 174)]"
110,Naksan Park,"[(110, 79), (110, 116), (110, 140)]","[(110, 3), (110, 22), (110, 24), (110, 30), (110, 36), (110, 43), (110, 46), (110, 60), (110, 73), (110, 74), (110, 79), (110, 97), (110, 116), (110, 140), (110, 142), (110, 162)]"
111,Shinsegae Dept. Store Main,"[(111, 14), (111, 34), (111, 37), (111, 61), (111, 105), (111, 125), (111, 131), (111, 136), (111, 164)]","[(111, 6), (111, 9), (111, 10), (111, 11), (111, 12), (111, 13), (111, 14), (111, 15), (111, 16), (111, 33), (111, 34), (111, 37), (111, 47), (111, 49), (111, 51), (111, 52), (111, 54), (111, 56), (111, 61), (111, 64), (111, 66), (111, 69), (111, 83), (111, 89), (111, 92), (111, 101), (111, 104), (111, 105), (111, 106), (111, 113), (111, 115), (111, 123), (111, 125), (111, 127), (111, 129), (111, 131), (111, 135), (111, 136), (111, 138), (111, 141), (111, 143), (111, 150), (111, 156), (111, 157), (111, 160), (111, 163), (111, 164), (111, 167), (111, 171), (111, 173)]"
112,Lotte World,"[(112, 120)]","[(112, 8), (112, 29), (112, 94), (112, 120)]"
113,Inwangsan Mountain,"[(113, 16), (113, 52), (113, 123), (113, 129), (113, 143), (113, 150), (113, 157)]","[(113, 0), (113, 3), (113, 6), (113, 9), (113, 10), (113, 11), (113, 14), (113, 15), (113, 16), (113, 19), (113, 34), (113, 37), (113, 47), (113, 49), (113, 51), (113, 52), (113, 54), (113, 57), (113, 61), (113, 62), (113, 70), (113, 78), (113, 83), (113, 86), (113, 89), (113, 92), (113, 95), (113, 96), (113, 101), (113, 105), (113, 108), (113, 111), (113, 115), (113, 117), (113, 119), (113, 121), (113, 123), (113, 125), (113, 127), (113, 129), (113, 131), (113, 135), (113, 136), (113, 138), (113, 141), (113, 143), (113, 144), (113, 150), (113, 156), (113, 157), (113, 164), (113, 170), (113, 171), (113, 173)]"
114,Majang Meat Market,[],"[(114, 58), (114, 80)]"
115,Seoul Museum of History,"[(115, 86), (115, 171)]","[(115, 0), (115, 9), (115, 10), (115, 11), (115, 14), (115, 15), (115, 16), (115, 33), (115, 34), (115, 37), (115, 47), (115, 49), (115, 51), (115, 52), (115, 54), (115, 64), (115, 78), (115, 86), (115, 89), (115, 95), (115, 96), (115, 101), (115, 105), (115, 111), (115, 113), (115, 119), (115, 121), (115, 123), (115, 125), (115, 127), (115, 129), (115, 131), (115, 135), (115, 141), (115, 143), (115, 150), (115, 156), (115, 157), (115, 163), (115, 167), (115, 171), (115, 173)]"
116,Seoul City Wall,"[(116, 79), (116, 110), (116, 140)]","[(116, 22), (116, 24), (116, 30), (116, 31), (116, 36), (116, 43), (116, 46), (116, 60), (116, 73), (116, 74), (116, 79), (116, 84), (116, 97), (116, 110), (116, 140), (116, 142), (116, 162)]"
117,Ikseon-dong Hanok Street,"[(117, 6), (117, 57), (117, 138), (117, 144)]","[(117, 0), (117, 2), (117, 3), (117, 6), (117, 9), (117, 10), (117, 11), (117, 14), (117, 15), (117, 16), (117, 19), (117, 24), (117, 33), (117, 34), (117, 37), (117, 47), (117, 52), (117, 54), (117, 57), (117, 61), (117, 62), (117, 70), (117, 83), (117, 92), (117, 95), (117, 96), (117, 97), (117, 101), (117, 106), (117, 108), (117, 113), (117, 119), (117, 121), (117, 123), (117, 124), (117, 127), (117, 129), (117, 131), (117, 136), (117, 138), (117, 140), (117, 141), (117, 143), (117, 144), (117, 150), (117, 156), (117, 157), (117, 163), (117, 167)]"
118,GOTO Mall,"[(118, 42), (118, 151)]","[(118, 42), (118, 151), (118, 175)]"
119,National Museum of Modern and Contemporary Art Seoul,"[(119, 0), (119, 19), (119, 62), (119, 70), (119, 95), (119, 96), (119, 121)]","[(119, 0), (119, 3), (119, 6), (119, 9), (119, 10), (119, 11), (119, 15), (119, 16), (119, 19), (119, 33), (119, 47), (119, 52), (119, 54), (119, 57), (119, 62), (119, 70), (119, 78), (119, 83), (119, 86), (119, 89), (119, 95), (119, 96), (119, 97), (119, 101), (119, 108), (119, 113), (119, 115), (119, 117), (119, 121), (119, 123), (119, 127), (119, 129), (119, 131), (119, 138), (119, 141), (119, 143), (119, 144), (119, 150), (119, 156), (119, 157), (119, 163), (119, 167), (119, 170)]"
120,Seokchon Lake,"[(120, 35), (120, 112), (120, 159)]","[(120, 8), (120, 29), (120, 35), (120, 94), (120, 112), (120, 159)]"
121,National Palace Museum of Korea,"[(121, 78), (121, 96), (121, 119), (121, 143), (121, 150), (121, 157)]","[(121, 6), (121, 9), (121, 10), (121, 11), (121, 15), (121, 16), (121, 19), (121, 33), (121, 37), (121, 47), (121, 49), (121, 51), (121, 52), (121, 54), (121, 57), (121, 62), (121, 70), (121, 78), (121, 83), (121, 86), (121, 89), (121, 96), (121, 101), (121, 108), (121, 113), (121, 115), (121, 117), (121, 119), (121, 123), (121, 127), (121, 129), (121, 131), (121, 135), (121, 138), (121, 141), (121, 143), (121, 144), (121, 150), (121, 156), (121, 157), (121, 163), (121, 167), (121, 170), (121, 171)]"
122,Hongdae Art Market Free Market,"[(122, 7), (122, 25), (122, 48), (122, 166)]","[(122, 7), (122, 20), (122, 25), (122, 48), (122, 68), (122, 71), (122, 165), (122, 166)]"
123,Poopoo Land,"[(123, 6), (123, 16), (123, 33), (123, 47), (123, 83), (123, 113), (123, 138), (123, 163), (123, 167)]","[(123, 0), (123, 3), (123, 6), (123, 9), (123, 10), (123, 11), (123, 14), (123, 15), (123, 16), (123, 19), (123, 33), (123, 34), (123, 37), (123, 47), (123, 49), (123, 51), (123, 52), (123, 54), (123, 57), (123, 61), (123, 62), (123, 70), (123, 78), (123, 83), (123, 89), (123, 92), (123, 95), (123, 96), (123, 97), (123, 101), (123, 105), (123, 108), (123, 111), (123, 113), (123, 115), (123, 117), (123, 119), (123, 121), (123, 125), (123, 127), (123, 129), (123, 131), (123, 135), (123, 136), (123, 138), (123, 141), (123, 143), (123, 144), (123, 150), (123, 156), (123, 157), (123, 163), (123, 164), (123, 167), (123, 171), (123, 173)]"
124,Jungbu Market,"[(124, 2)]","[(124, 2), (124, 22), (124, 24), (124, 30), (124, 31), (124, 36), (124, 43), (124, 46), (124, 60), (124, 73), (124, 74), (124, 84), (124, 92), (124, 104), (124, 106), (124, 117), (124, 140), (124, 142)]"
125,Seoullo 7017,"[(125, 56), (125, 105), (125, 111), (125, 164), (125, 173)]","[(125, 9), (125, 10), (125, 11), (125, 12), (125, 13), (125, 14), (125, 15), (125, 33), (125, 34), (125, 37), (125, 47), (125, 49), (125, 51), (125, 52), (125, 54), (125, 56), (125, 61), (125, 64), (125, 66), (125, 69), (125, 83), (125, 89), (125, 92), (125, 101), (125, 105), (125, 111), (125, 113), (125, 115), (125, 123), (125, 127), (125, 129), (125, 131), (125, 135), (125, 136), (125, 141), (125, 143), (125, 150), (125, 156), (125, 157), (125, 160), (125, 163), (125, 164), (125, 167), (125, 171), (125, 173)]"
126,Seoul World Cup Stadium,[],"[(126, 149), (126, 165)]"
127,Seoul City Hall,"[(127, 9), (127, 10), (127, 11), (127, 15), (127, 37), (127, 47), (127, 49), (127, 51), (127, 54), (127, 89), (127, 101), (127, 131), (127, 135), (127, 141), (127, 156), (127, 171)]","[(127, 0), (127, 6), (127, 9), (127, 10), (127, 11), (127, 14), (127, 15), (127, 16), (127, 33), (127, 34), (127, 37), (127, 47), (127, 49), (127, 51), (127, 52), (127, 54), (127, 56), (127, 57), (127, 61), (127, 62), (127, 64), (127, 66), (127, 78), (127, 83), (127, 86), (127, 89), (127, 92), (127, 95), (127, 96), (127, 101), (127, 105), (127, 111), (127, 113), (127, 115), (127, 117), (127, 119), (127, 121), (127, 123), (127, 125), (127, 129), (127, 131), (127, 135), (127, 136), (127, 138), (127, 141), (127, 143), (127, 150), (127, 156), (127, 157), (127, 160), (127, 163), (127, 164), (127, 167), (127, 171), (127, 173)]"
128,Seolleung & Jeongneung Royal Tomb,[],"[(128, 17), (128, 23), (128, 41), (128, 85), (128, 98), (128, 100), (128, 137), (128, 176)]"
129,Gwanghwamun Square,"[(129, 33), (129, 52), (129, 54), (129, 113), (129, 143), (129, 150), (129, 157), (129, 163), (129, 167)]","[(129, 0), (129, 6), (129, 9), (129, 10), (129, 11), (129, 14), (129, 15), (129, 16), (129, 19), (129, 33), (129, 34), (129, 37), (129, 47), (129, 49), (129, 51), (129, 52), (129, 54), (129, 57), (129, 61), (129, 62), (129, 70), (129, 78), (129, 83), (129, 86), (129, 89), (129, 92), (129, 95), (129, 96), (129, 101), (129, 105), (129, 108), (129, 111), (129, 113), (129, 115), (129, 117), (129, 119), (129, 121), (129, 123), (129, 125), (129, 127), (129, 131), (129, 135), (129, 136), (129, 138), (129, 141), (129, 143), (129, 144), (129, 150), (129, 156), (129, 157), (129, 163), (129, 164), (129, 167), (129, 171), (129, 173)]"
130,Times Square Mall,[],[]
131,Lotte Department Store Main,"[(131, 9), (131, 10), (131, 11), (131, 14), (131, 15), (131, 34), (131, 37), (131, 47), (131, 101), (131, 111), (131, 127), (131, 136), (131, 141), (131, 156)]","[(131, 0), (131, 6), (131, 9), (131, 10), (131, 11), (131, 14), (131, 15), (131, 16), (131, 33), (131, 34), (131, 37), (131, 47), (131, 49), (131, 51), (131, 52), (131, 54), (131, 56), (131, 57), (131, 61), (131, 62), (131, 64), (131, 66), (131, 78), (131, 83), (131, 86), (131, 89), (131, 92), (131, 95), (131, 96), (131, 101), (131, 104), (131, 105), (131, 106), (131, 111), (131, 113), (131, 115), (131, 117), (131, 119), (131, 121), (131, 123), (131, 125), (131, 127), (131, 129), (131, 135), (131, 136), (131, 138), (131, 141), (131, 143), (131, 144), (131, 150), (131, 156), (131, 157), (131, 163), (131, 164), (131, 167), (131, 171), (131, 173)]"
132,Seoul Central Mosque,[],"[(132, 28), (132, 107)]"
133,Samcheonggak,[],"[(133, 19), (133, 40), (133, 108), (133, 158), (133, 170)]"
134,63 City,[],"[(134, 27), (134, 139), (134, 146)]"
135,Dongdaemun History & Culture Park,"[(135, 9), (135, 10), (135, 11), (135, 15), (135, 54), (135, 89), (135, 127), (135, 141), (135, 156), (135, 171), (135, 173)]","[(135, 0), (135, 6), (135, 9), (135, 10), (135, 11), (135, 14), (135, 15), (135, 16), (135, 33), (135, 34), (135, 37), (135, 47), (135, 52), (135, 54), (135, 56), (135, 61), (135, 64), (135, 66), (135, 78), (135, 83), (135, 86), (135, 89), (135, 92), (135, 95), (135, 101), (135, 105), (135, 111), (135, 113), (135, 115), (135, 121), (135, 123), (135, 125), (135, 127), (135, 129), (135, 131), (135, 136), (135, 138), (135, 141), (135, 143), (135, 150), (135, 156), (135, 157), (135, 160), (135, 163), (135, 164), (135, 167), (135, 171), (135, 173)]"
136,Stylenanda Pink Hotel Flagship Store,"[(136, 14), (136, 34), (136, 37), (136, 61), (136, 92), (136, 111), (136, 131)]","[(136, 2), (136, 6), (136, 9), (136, 10), (136, 11), (136, 12), (136, 13), (136, 14), (136, 15), (136, 16), (136, 33), (136, 34), (136, 37), (136, 47), (136, 49), (136, 51), (136, 52), (136, 54), (136, 56), (136, 57), (136, 61), (136, 64), (136, 66), (136, 83), (136, 89), (136, 92), (136, 101), (136, 104), (136, 105), (136, 106), (136, 111), (136, 113), (136, 117), (136, 123), (136, 125), (136, 127), (136, 129), (136, 131), (136, 135), (136, 138), (136, 141), (136, 143), (136, 150), (136, 156), (136, 157), (136, 163), (136, 164), (136, 167), (136, 171), (136, 173)]"
137,COEX Center,"[(137, 23), (137, 41), (137, 100), (137, 176)]","[(137, 17), (137, 23), (137, 41), (137, 100), (137, 128), (137, 176)]"
138,Alive Museum Insadong,"[(138, 6), (138, 57), (138, 83), (138, 117), (138, 123)]","[(138, 0), (138, 2), (138, 3), (138, 6), (138, 9), (138, 10), (138, 11), (138, 14), (138, 15), (138, 16), (138, 19), (138, 24), (138, 33), (138, 34), (138, 37), (138, 47), (138, 49), (138, 51), (138, 52), (138, 54), (138, 57), (138, 61), (138, 62), (138, 70), (138, 78), (138, 83), (138, 89), (138, 92), (138, 95), (138, 96), (138, 97), (138, 101), (138, 104), (138, 106), (138, 108), (138, 111), (138, 113), (138, 117), (138, 119), (138, 121), (138, 123), (138, 127), (138, 129), (138, 131), (138, 135), (138, 136), (138, 141), (138, 143), (138, 144), (138, 150), (138, 156), (138, 157), (138, 163), (138, 164), (138, 167)]"
139,Seoul International Fireworks Festival,"[(139, 27)]","[(139, 27), (139, 90), (139, 134), (139, 146), (139, 155)]"
140,Ihwa Mural Village,"[(140, 79), (140, 110), (140, 116)]","[(140, 2), (140, 3), (140, 22), (140, 24), (140, 30), (140, 31), (140, 36), (140, 43), (140, 46), (140, 60), (140, 73), (140, 74), (140, 79), (140, 84), (140, 97), (140, 110), (140, 116), (140, 117), (140, 124), (140, 142), (140, 162)]"
141,Sinchon,"[(141, 37), (141, 47), (141, 49), (141, 51), (141, 54), (141, 89), (141, 101), (141, 127), (141, 131), (141, 135)]","[(141, 0), (141, 6), (141, 14), (141, 16), (141, 33), (141, 34), (141, 37), (141, 47), (141, 49), (141, 51), (141, 52), (141, 54), (141, 56), (141, 57), (141, 61), (141, 62), (141, 64), (141, 66), (141, 78), (141, 83), (141, 86), (141, 89), (141, 92), (141, 95), (141, 96), (141, 101), (141, 105), (141, 111), (141, 113), (141, 115), (141, 117), (141, 119), (141, 121), (141, 123), (141, 125), (141, 127), (141, 129), (141, 131), (141, 135), (141, 136), (141, 138), (141, 143), (141, 150), (141, 157), (141, 160), (141, 163), (141, 164), (141, 167), (141, 171), (141, 173)]"
142,Dongdaemun Shopping Complex,"[(142, 22), (142, 30), (142, 36), (142, 43), (142, 46), (142, 60), (142, 73), (142, 74)]","[(142, 2), (142, 22), (142, 24), (142, 30), (142, 31), (142, 36), (142, 43), (142, 46), (142, 60), (142, 73), (142, 74), (142, 79), (142, 84), (142, 110), (142, 116), (142, 124), (142, 140)]"
143,Statue of Sejong the Great,"[(143, 0), (143, 33), (143, 52), (143, 54), (143, 95), (143, 113), (143, 121), (143, 129), (143, 150), (143, 163), (143, 167)]","[(143, 0), (143, 6), (143, 9), (143, 10), (143, 11), (143, 14), (143, 15), (143, 16), (143, 19), (143, 33), (143, 34), (143, 37), (143, 47), (143, 49), (143, 51), (143, 52), (143, 54), (143, 57), (143, 62), (143, 70), (143, 78), (143, 83), (143, 86), (143, 89), (143, 92), (143, 95), (143, 96), (143, 101), (143, 105), (143, 108), (143, 111), (143, 113), (143, 115), (143, 117), (143, 119), (143, 121), (143, 123), (143, 125), (143, 127), (143, 129), (143, 131), (143, 135), (143, 136), (143, 138), (143, 141), (143, 144), (143, 150), (143, 156), (143, 163), (143, 164), (143, 167), (143, 170), (143, 171), (143, 173)]"
144,Arario Museum in Space,"[(144, 3), (144, 57), (144, 117)]","[(144, 0), (144, 3), (144, 6), (144, 14), (144, 16), (144, 19), (144, 24), (144, 33), (144, 47), (144, 52), (144, 54), (144, 57), (144, 62), (144, 70), (144, 83), (144, 92), (144, 95), (144, 96), (144, 97), (144, 101), (144, 108), (144, 113), (144, 117), (144, 119), (144, 121), (144, 123), (144, 129), (144, 131), (144, 138), (144, 143), (144, 150), (144, 157), (144, 163), (144, 167), (144, 170)]"
145,Seoul Arts Center,[],[]
146,Noryangjin Fisheries Wholesale Market,[],"[(146, 27), (146, 134), (146, 139)]"
147,Gocheok Sky Dome,[],[]
148,Seoul Botanical Garden,[],[]
149,Mangwon Market,[],"[(149, 20), (149, 71), (149, 126), (149, 165), (149, 169)]"
150,National Museum of Korean Contemporary History,"[(150, 0), (150, 16), (150, 33), (150, 52), (150, 95), (150, 113), (150, 121), (150, 129), (150, 143), (150, 157), (150, 163), (150, 167)]","[(150, 0), (150, 6), (150, 9), (150, 10), (150, 11), (150, 14), (150, 15), (150, 16), (150, 19), (150, 33), (150, 34), (150, 37), (150, 47), (150, 49), (150, 51), (150, 52), (150, 54), (150, 57), (150, 61), (150, 62), (150, 70), (150, 78), (150, 83), (150, 86), (150, 89), (150, 92), (150, 95), (150, 96), (150, 101), (150, 105), (150, 108), (150, 111), (150, 113), (150, 115), (150, 117), (150, 119), (150, 121), (150, 123), (150, 125), (150, 127), (150, 129), (150, 131), (150, 135), (150, 136), (150, 138), (150, 141), (150, 143), (150, 144), (150, 156), (150, 157), (150, 163), (150, 167), (150, 170), (150, 171), (150, 173)]"
151,Express Bus Terminal Shopping Center,"[(151, 42), (151, 118)]","[(151, 42), (151, 118), (151, 175)]"
152,Kyunghee University Seoul Campus,[],[]
153,Common Ground,[],"[(153, 55)]"
154,Yongma Land,[],[]
155,IFC Mall,"[(155, 90)]","[(155, 27), (155, 65), (155, 90), (155, 139)]"
156,SRT,"[(156, 37), (156, 47), (156, 49), (156, 51), (156, 54), (156, 89), (156, 101), (156, 127), (156, 131), (156, 135)]","[(156, 0), (156, 6), (156, 14), (156, 16), (156, 33), (156, 34), (156, 37), (156, 47), (156, 49), (156, 51), (156, 52), (156, 54), (156, 56), (156, 57), (156, 61), (156, 62), (156, 64), (156, 66), (156, 78), (156, 83), (156, 86), (156, 89), (156, 92), (156, 95), (156, 96), (156, 101), (156, 105), (156, 111), (156, 113), (156, 115), (156, 117), (156, 119), (156, 121), (156, 123), (156, 125), (156, 127), (156, 129), (156, 131), (156, 135), (156, 136), (156, 138), (156, 143), (156, 150), (156, 157), (156, 160), (156, 163), (156, 164), (156, 167), (156, 171), (156, 173)]"
157,Statue of Admiral Yi Sun-Sin,"[(157, 0), (157, 33), (157, 52), (157, 54), (157, 95), (157, 113), (157, 121), (157, 129), (157, 150), (157, 163), (157, 167)]","[(157, 0), (157, 6), (157, 9), (157, 10), (157, 11), (157, 14), (157, 15), (157, 16), (157, 19), (157, 33), (157, 34), (157, 37), (157, 47), (157, 49), (157, 51), (157, 52), (157, 54), (157, 57), (157, 62), (157, 70), (157, 78), (157, 83), (157, 86), (157, 89), (157, 92), (157, 95), (157, 96), (157, 101), (157, 105), (157, 108), (157, 111), (157, 113), (157, 115), (157, 117), (157, 119), (157, 121), (157, 123), (157, 125), (157, 127), (157, 129), (157, 131), (157, 135), (157, 136), (157, 138), (157, 141), (157, 144), (157, 150), (157, 156), (157, 163), (157, 164), (157, 167), (157, 170), (157, 171), (157, 173)]"
158,Korea Furniture Museum,"[(158, 40)]","[(158, 40), (158, 133)]"
159,Lotte World Folk Museum,"[(159, 120)]","[(159, 8), (159, 29), (159, 94), (159, 120)]"
160,Lotte Outlets Seoul Station,"[(160, 64)]","[(160, 9), (160, 10), (160, 11), (160, 15), (160, 34), (160, 37), (160, 49), (160, 51), (160, 56), (160, 64), (160, 66), (160, 69), (160, 89), (160, 105), (160, 111), (160, 125), (160, 127), (160, 135), (160, 141), (160, 156), (160, 164), (160, 171), (160, 173)]"
161,Garak Market,[],[]
162,Seoul Daehangno,[],"[(162, 3), (162, 40), (162, 79), (162, 97), (162, 110), (162, 116), (162, 140)]"
163,Grilled Fish Street in Dongdaemun Market,"[(163, 16), (163, 52), (163, 123), (163, 129), (163, 143), (163, 150), (163, 157)]","[(163, 0), (163, 3), (163, 6), (163, 9), (163, 10), (163, 11), (163, 14), (163, 15), (163, 16), (163, 19), (163, 34), (163, 37), (163, 47), (163, 49), (163, 51), (163, 52), (163, 54), (163, 57), (163, 61), (163, 62), (163, 70), (163, 78), (163, 83), (163, 86), (163, 89), (163, 92), (163, 95), (163, 96), (163, 101), (163, 105), (163, 108), (163, 111), (163, 115), (163, 117), (163, 119), (163, 121), (163, 123), (163, 125), (163, 127), (163, 129), (163, 131), (163, 135), (163, 136), (163, 138), (163, 141), (163, 143), (163, 144), (163, 150), (163, 156), (163, 157), (163, 164), (163, 170), (163, 171), (163, 173)]"
164,Namsan Cable Car,"[(164, 34), (164, 66), (164, 105), (164, 111), (164, 125)]","[(164, 6), (164, 9), (164, 10), (164, 11), (164, 12), (164, 13), (164, 14), (164, 15), (164, 33), (164, 34), (164, 37), (164, 47), (164, 49), (164, 51), (164, 52), (164, 54), (164, 56), (164, 61), (164, 64), (164, 66), (164, 69), (164, 83), (164, 89), (164, 92), (164, 101), (164, 104), (164, 105), (164, 106), (164, 111), (164, 113), (164, 123), (164, 125), (164, 127), (164, 129), (164, 131), (164, 135), (164, 136), (164, 138), (164, 141), (164, 143), (164, 156), (164, 157), (164, 160), (164, 163), (164, 167), (164, 171), (164, 173)]"
165,The War and Women's Human Rights Museum,[],"[(165, 7), (165, 20), (165, 25), (165, 48), (165, 68), (165, 122), (165, 126), (165, 149), (165, 166)]"
166,Hongdae NANTA Theatre,"[(166, 7), (166, 20), (166, 25), (166, 122)]","[(166, 7), (166, 20), (166, 25), (166, 48), (166, 68), (166, 71), (166, 122), (166, 165)]"
167,Cheongwadae Sarangchae,"[(167, 16), (167, 52), (167, 123), (167, 129), (167, 143), (167, 150), (167, 157)]","[(167, 0), (167, 3), (167, 6), (167, 9), (167, 10), (167, 11), (167, 14), (167, 15), (167, 16), (167, 19), (167, 34), (167, 37), (167, 47), (167, 49), (167, 51), (167, 52), (167, 54), (167, 57), (167, 61), (167, 62), (167, 70), (167, 78), (167, 83), (167, 86), (167, 89), (167, 92), (167, 95), (167, 96), (167, 101), (167, 105), (167, 108), (167, 111), (167, 115), (167, 117), (167, 119), (167, 121), (167, 123), (167, 125), (167, 127), (167, 129), (167, 131), (167, 135), (167, 136), (167, 138), (167, 141), (167, 143), (167, 144), (167, 150), (167, 156), (167, 157), (167, 164), (167, 170), (167, 171), (167, 173)]"
168,D-Cube City,[],[]
169,Seonyudo Park,[],"[(169, 71), (169, 149)]"
170,The Blue House (Cheong Wa Dae),[],"[(170, 0), (170, 16), (170, 19), (170, 33), (170, 52), (170, 57), (170, 62), (170, 70), (170, 78), (170, 95), (170, 96), (170, 108), (170, 113), (170, 119), (170, 121), (170, 133), (170, 143), (170, 144), (170, 150), (170, 157), (170, 163), (170, 167)]"
171,Jeongdong Theater,"[(171, 49), (171, 51), (171, 54), (171, 89), (171, 115), (171, 127), (171, 135)]","[(171, 0), (171, 6), (171, 9), (171, 10), (171, 11), (171, 14), (171, 15), (171, 16), (171, 33), (171, 34), (171, 37), (171, 47), (171, 49), (171, 51), (171, 52), (171, 54), (171, 56), (171, 61), (171, 64), (171, 66), (171, 78), (171, 83), (171, 86), (171, 89), (171, 92), (171, 95), (171, 96), (171, 101), (171, 105), (171, 111), (171, 113), (171, 115), (171, 121), (171, 123), (171, 125), (171, 127), (171, 129), (171, 131), (171, 135), (171, 136), (171, 141), (171, 143), (171, 150), (171, 156), (171, 157), (171, 160), (171, 163), (171, 164), (171, 167), (171, 173)]"
172,Ewha Woman's University,[],"[(172, 21), (172, 59)]"
173,Sungnyemun Gate,"[(173, 49), (173, 51), (173, 56), (173, 105), (173, 125), (173, 135)]","[(173, 9), (173, 10), (173, 11), (173, 14), (173, 15), (173, 33), (173, 34), (173, 37), (173, 47), (173, 49), (173, 51), (173, 52), (173, 54), (173, 56), (173, 61), (173, 64), (173, 66), (173, 69), (173, 83), (173, 86), (173, 89), (173, 92), (173, 101), (173, 105), (173, 111), (173, 113), (173, 115), (173, 123), (173, 125), (173, 127), (173, 129), (173, 131), (173, 135), (173, 136), (173, 141), (173, 143), (173, 150), (173, 156), (173, 157), (173, 160), (173, 163), (173, 164), (173, 167), (173, 171)]"
174,Hyundai Department Store Apgujeong Main,[],"[(174, 82), (174, 87), (174, 109)]"
175,Banpodaegyo Bridge,[],"[(175, 42), (175, 118), (175, 151)]"
176,COEX Center,"[(176, 85), (176, 98), (176, 137)]","[(176, 17), (176, 85), (176, 98), (176, 128), (176, 137)]"
